<log4j:event logger="ItOps.Deployment.Smokeball.Updater.Host.UpdateServiceHost" timestamp="1716352375287" level="INFO" thread="4"><log4j:message>Loading version 8.18.1218.</log4j:message><log4j:properties><log4j:data name="log4japp" value="Smokeball.SilentInstaller.Host.exe" /><log4j:data name="log4net:UserName" value="NT AUTHORITY\SYSTEM" /><log4j:data name="log4jmachinename" value="IC-MEL-WNP-05" /><log4j:data name="log4net:HostName" value="IC-MEL-WNP-05" /></log4j:properties><log4j:locationInfo class="ItOps.Deployment.Smokeball.Updater.Host.UpdateServiceHost" method="LoadVersion" file="" line="0" /></log4j:event>
<log4j:event logger="ItOps.Deployment.Smokeball.Updater.Host.UpdateServiceHost" timestamp="1716352375320" level="INFO" thread="4"><log4j:message>So Loading Version 8.18.1218...</log4j:message><log4j:properties><log4j:data name="log4japp" value="Smokeball.SilentInstaller.Host.exe" /><log4j:data name="log4net:UserName" value="NT AUTHORITY\SYSTEM" /><log4j:data name="log4jmachinename" value="IC-MEL-WNP-05" /><log4j:data name="log4net:HostName" value="IC-MEL-WNP-05" /></log4j:properties><log4j:locationInfo class="ItOps.Deployment.Smokeball.Updater.Host.UpdateServiceHost" method="LoadVersion" file="" line="0" /></log4j:event>
<log4j:event logger="ItOps.Deployment.Smokeball.Updater.Host.UpdateServiceHost" timestamp="1716352375383" level="INFO" thread="4"><log4j:message>App domain with ApplicationBase = C:\Program Files\Smokeball\Updater is created.</log4j:message><log4j:properties><log4j:data name="log4japp" value="Smokeball.SilentInstaller.Host.exe" /><log4j:data name="log4net:UserName" value="NT AUTHORITY\SYSTEM" /><log4j:data name="log4jmachinename" value="IC-MEL-WNP-05" /><log4j:data name="log4net:HostName" value="IC-MEL-WNP-05" /></log4j:properties><log4j:locationInfo class="ItOps.Deployment.Smokeball.Updater.Host.UpdateServiceHost" method="LoadService" file="" line="0" /></log4j:event>
<log4j:event logger="ItOps.Deployment.Smokeball.Updater.SmokeballInstallationUpdateService" timestamp="1716352377479" level="INFO" thread="4"><log4j:message>*** UPDATER DLL VERSION: 8.18.1218 ****</log4j:message><log4j:properties><log4j:data name="log4japp" value="UpdateDomain" /><log4j:data name="log4net:UserName" value="NT AUTHORITY\SYSTEM" /><log4j:data name="log4jmachinename" value="IC-MEL-WNP-05" /><log4j:data name="log4net:HostName" value="IC-MEL-WNP-05" /></log4j:properties><log4j:locationInfo class="ItOps.Deployment.Smokeball.Updater.SmokeballInstallationUpdateService" method="LogVersion" file="" line="0" /></log4j:event>
<log4j:event logger="ItOps.Tools.ApplicationHosting.Persistence.ApplicationHost" timestamp="1716352378680" level="INFO" thread="4"><log4j:message>Loading assemblies from HostConfiguration.AssemblyNamesToLoad</log4j:message><log4j:properties><log4j:data name="log4japp" value="UpdateDomain" /><log4j:data name="log4net:UserName" value="NT AUTHORITY\SYSTEM" /><log4j:data name="log4jmachinename" value="IC-MEL-WNP-05" /><log4j:data name="log4net:HostName" value="IC-MEL-WNP-05" /></log4j:properties><log4j:locationInfo class="ItOps.Tools.ApplicationHosting.Persistence.ApplicationHost" method="ForceAssemblyLoading" file="" line="0" /></log4j:event>
<log4j:event logger="ItOps.Tools.ApplicationHosting.Persistence.ApplicationHost" timestamp="1716352378702" level="INFO" thread="4"><log4j:message>Setting culture to en-AU</log4j:message><log4j:properties><log4j:data name="log4japp" value="UpdateDomain" /><log4j:data name="log4net:UserName" value="NT AUTHORITY\SYSTEM" /><log4j:data name="log4jmachinename" value="IC-MEL-WNP-05" /><log4j:data name="log4net:HostName" value="IC-MEL-WNP-05" /></log4j:properties><log4j:locationInfo class="ItOps.Tools.ApplicationHosting.Persistence.ApplicationHost" method="LocalizeThread" file="" line="0" /></log4j:event>
<log4j:event logger="Updater.GlobalErrorHandler" timestamp="1716352378710" level="INFO" thread="4"><log4j:message>Known error with userDefaultCulture, ignore.</log4j:message><log4j:properties><log4j:data name="log4japp" value="UpdateDomain" /><log4j:data name="log4net:UserName" value="NT AUTHORITY\SYSTEM" /><log4j:data name="log4jmachinename" value="IC-MEL-WNP-05" /><log4j:data name="log4net:HostName" value="IC-MEL-WNP-05" /></log4j:properties><log4j:throwable>System.MissingFieldException: Field 'System.Globalization.CultureInfo.m_userDefaultCulture' not found.
   at System.RuntimeType.InvokeMember(String name, BindingFlags bindingFlags, Binder binder, Object target, Object[] providedArgs, ParameterModifier[] modifiers, CultureInfo culture, String[] namedParams)</log4j:throwable><log4j:locationInfo class="Updater.GlobalErrorHandler" method="HandleException" file="" line="0" /></log4j:event>
<log4j:event logger="ItOps.Tools.ApplicationHosting.Repository.Notifications.RepositoryNotifications.RepositoryNotificationWithHandlerService" timestamp="1716352378817" level="INFO" thread="4"><log4j:message>Channel RepositoryNotifications has id 096cd700-d5ca-4661-9b11-8297b71e96a9</log4j:message><log4j:properties><log4j:data name="log4japp" value="UpdateDomain" /><log4j:data name="log4net:UserName" value="NT AUTHORITY\SYSTEM" /><log4j:data name="log4jmachinename" value="IC-MEL-WNP-05" /><log4j:data name="log4net:HostName" value="IC-MEL-WNP-05" /></log4j:properties><log4j:locationInfo class="ItOps.Tools.ApplicationHosting.Repository.Notifications.RepositoryNotifications.RepositoryNotificationWithHandlerService" method=".ctor" file="" line="0" /></log4j:event>
<log4j:event logger="ItOps.Tools.ApplicationHosting.Repository.Notifications.NetMq.NotifierSubscriberSocket" timestamp="1716352378865" level="INFO" thread="4"><log4j:message>Successfully connected to WindowsServiceIntermediary.</log4j:message><log4j:properties><log4j:data name="log4japp" value="UpdateDomain" /><log4j:data name="log4net:UserName" value="NT AUTHORITY\SYSTEM" /><log4j:data name="log4jmachinename" value="IC-MEL-WNP-05" /><log4j:data name="log4net:HostName" value="IC-MEL-WNP-05" /></log4j:properties><log4j:locationInfo class="ItOps.Tools.ApplicationHosting.Repository.Notifications.NetMq.NotifierSubscriberSocket" method="TryEnsureSubscriberIsCreated" file="" line="0" /></log4j:event>
<log4j:event logger="ItOps.Tools.ApplicationHosting.Repository.Notifications.NetMq.NotifierSubscriberSocket" timestamp="1716352379588" level="INFO" thread="4"><log4j:message>Successfully connected to SilentInstallerIntermediary.</log4j:message><log4j:properties><log4j:data name="log4japp" value="UpdateDomain" /><log4j:data name="log4net:UserName" value="NT AUTHORITY\SYSTEM" /><log4j:data name="log4jmachinename" value="IC-MEL-WNP-05" /><log4j:data name="log4net:HostName" value="IC-MEL-WNP-05" /></log4j:properties><log4j:locationInfo class="ItOps.Tools.ApplicationHosting.Repository.Notifications.NetMq.NotifierSubscriberSocket" method="TryEnsureSubscriberIsCreated" file="" line="0" /></log4j:event>
<log4j:event logger="ItOps.Deployment.Smokeball.Desktop.Core.UpdaterVersionFileHelper" timestamp="1716352379604" level="WARN" thread="4"><log4j:message>Updater Version file does not exist: C:\Program Files\Smokeball\dataAu\updates\version.txt</log4j:message><log4j:properties><log4j:data name="log4japp" value="UpdateDomain" /><log4j:data name="log4net:UserName" value="NT AUTHORITY\SYSTEM" /><log4j:data name="log4jmachinename" value="IC-MEL-WNP-05" /><log4j:data name="log4net:HostName" value="IC-MEL-WNP-05" /></log4j:properties><log4j:locationInfo class="ItOps.Deployment.Smokeball.Desktop.Core.UpdaterVersionFileHelper" method="GetFileContents" file="" line="0" /></log4j:event>
<log4j:event logger="ItOps.Deployment.Smokeball.Desktop.Core.UpdaterVersionFileHelper" timestamp="1716352379604" level="WARN" thread="18"><log4j:message>Updater Version file does not exist: C:\Program Files\Smokeball\dataAu\updates\version.txt</log4j:message><log4j:properties><log4j:data name="log4japp" value="UpdateDomain" /><log4j:data name="log4net:UserName" value="NT AUTHORITY\SYSTEM" /><log4j:data name="log4jmachinename" value="IC-MEL-WNP-05" /><log4j:data name="log4net:HostName" value="IC-MEL-WNP-05" /></log4j:properties><log4j:locationInfo class="ItOps.Deployment.Smokeball.Desktop.Core.UpdaterVersionFileHelper" method="GetFileContents" file="" line="0" /></log4j:event>
<log4j:event logger="ItOps.Deployment.Smokeball.Desktop.Core.ProductUpdateService" timestamp="1716352379604" level="INFO" thread="18"><log4j:message>About to check if file 'C:\Program Files\Smokeball\dataAu\updates\SmokeballOfficeInstaller-x64.msi' exists and delete if version stale</log4j:message><log4j:properties><log4j:data name="log4japp" value="UpdateDomain" /><log4j:data name="log4net:UserName" value="NT AUTHORITY\SYSTEM" /><log4j:data name="log4jmachinename" value="IC-MEL-WNP-05" /><log4j:data name="log4net:HostName" value="IC-MEL-WNP-05" /></log4j:properties><log4j:locationInfo class="ItOps.Deployment.Smokeball.Desktop.Core.ProductUpdateService" method="StaleMsiDeleted" file="" line="0" /></log4j:event>
<log4j:event logger="ItOps.Deployment.Smokeball.Updater.Host.UpdateServiceHost" timestamp="1716352379604" level="INFO" thread="4"><log4j:message>The service in app domain  C:\Program Files\Smokeball\Updater is created and started.</log4j:message><log4j:properties><log4j:data name="log4japp" value="Smokeball.SilentInstaller.Host.exe" /><log4j:data name="log4net:UserName" value="NT AUTHORITY\SYSTEM" /><log4j:data name="log4jmachinename" value="IC-MEL-WNP-05" /><log4j:data name="log4net:HostName" value="IC-MEL-WNP-05" /></log4j:properties><log4j:locationInfo class="ItOps.Deployment.Smokeball.Updater.Host.UpdateServiceHost" method="LoadService" file="" line="0" /></log4j:event>
<log4j:event logger="ItOps.Tools.ApplicationHosting.Repository.Notifications.NetMq.NotifierSubscriberSocket" timestamp="1716352417364" level="WARN" thread="NetMQPoller"><log4j:message>Received welcome message WindowsServiceIntermediary, this indicates the intermediary has restarted.</log4j:message><log4j:properties><log4j:data name="log4japp" value="UpdateDomain" /><log4j:data name="log4net:UserName" value="NT AUTHORITY\SYSTEM" /><log4j:data name="log4jmachinename" value="IC-MEL-WNP-05" /><log4j:data name="log4net:HostName" value="IC-MEL-WNP-05" /></log4j:properties><log4j:locationInfo class="ItOps.Tools.ApplicationHosting.Repository.Notifications.NetMq.NotifierSubscriberSocket" method="HandleMessage" file="" line="0" /></log4j:event>
<log4j:event logger="ItOps.Deployment.Smokeball.Updater.Host.UpdateServiceHost" timestamp="1716352597225" level="INFO" thread="17"><log4j:message>Stopping update service.</log4j:message><log4j:properties><log4j:data name="log4japp" value="Smokeball.SilentInstaller.Host.exe" /><log4j:data name="log4net:UserName" value="NT AUTHORITY\SYSTEM" /><log4j:data name="log4jmachinename" value="IC-MEL-WNP-05" /><log4j:data name="log4net:HostName" value="IC-MEL-WNP-05" /></log4j:properties><log4j:locationInfo class="ItOps.Deployment.Smokeball.Updater.Host.UpdateServiceHost" method="Stop" file="" line="0" /></log4j:event>
<log4j:event logger="ItOps.Deployment.Smokeball.Updater.SmokeballInstallationUpdateService" timestamp="1716352597241" level="INFO" thread="17"><log4j:message>Smokeball Update Service is stopping...</log4j:message><log4j:properties><log4j:data name="log4japp" value="UpdateDomain" /><log4j:data name="log4net:UserName" value="NT AUTHORITY\SYSTEM" /><log4j:data name="log4jmachinename" value="IC-MEL-WNP-05" /><log4j:data name="log4net:HostName" value="IC-MEL-WNP-05" /></log4j:properties><log4j:locationInfo class="ItOps.Deployment.Smokeball.Updater.SmokeballInstallationUpdateService" method="Stop" file="" line="0" /></log4j:event>
<log4j:event logger="ItOps.Deployment.Smokeball.Updater.SmokeballInstallationUpdateService" timestamp="1716352597241" level="INFO" thread="17"><log4j:message>Smokeball Update Service is shutting down...</log4j:message><log4j:properties><log4j:data name="log4japp" value="UpdateDomain" /><log4j:data name="log4net:UserName" value="NT AUTHORITY\SYSTEM" /><log4j:data name="log4jmachinename" value="IC-MEL-WNP-05" /><log4j:data name="log4net:HostName" value="IC-MEL-WNP-05" /></log4j:properties><log4j:locationInfo class="ItOps.Deployment.Smokeball.Updater.SmokeballInstallationUpdateService" method="Shutdown" file="" line="0" /></log4j:event>
<log4j:event logger="Updater.GlobalErrorHandler" timestamp="1716352597261" level="ERROR" thread="reaper-1"><log4j:message>NetMQ.TerminatingException: CheckContextTerminated - yes, is terminated.
   at NetMQ.Core.SocketBase.CheckContextTerminated()</log4j:message><log4j:properties><log4j:data name="log4japp" value="UpdateDomain" /><log4j:data name="log4net:UserName" value="NT AUTHORITY\SYSTEM" /><log4j:data name="log4jmachinename" value="IC-MEL-WNP-05" /><log4j:data name="log4net:HostName" value="IC-MEL-WNP-05" /></log4j:properties><log4j:throwable>NetMQ.TerminatingException: CheckContextTerminated - yes, is terminated.
   at NetMQ.Core.SocketBase.CheckContextTerminated()</log4j:throwable><log4j:locationInfo class="Updater.GlobalErrorHandler" method="HandleException" file="" line="0" /></log4j:event>
<log4j:event logger="Updater.GlobalErrorHandler" timestamp="1716352597264" level="ERROR" thread="reaper-1"><log4j:message>NetMQ.TerminatingException: CheckContextTerminated - yes, is terminated.
   at NetMQ.Core.SocketBase.CheckContextTerminated()</log4j:message><log4j:properties><log4j:data name="log4japp" value="UpdateDomain" /><log4j:data name="log4net:UserName" value="NT AUTHORITY\SYSTEM" /><log4j:data name="log4jmachinename" value="IC-MEL-WNP-05" /><log4j:data name="log4net:HostName" value="IC-MEL-WNP-05" /></log4j:properties><log4j:throwable>NetMQ.TerminatingException: CheckContextTerminated - yes, is terminated.
   at NetMQ.Core.SocketBase.CheckContextTerminated()</log4j:throwable><log4j:locationInfo class="Updater.GlobalErrorHandler" method="HandleException" file="" line="0" /></log4j:event>
<log4j:event logger="Updater.GlobalErrorHandler" timestamp="1716352597268" level="ERROR" thread="reaper-1"><log4j:message>NetMQ.TerminatingException: CheckContextTerminated - yes, is terminated.
   at NetMQ.Core.SocketBase.CheckContextTerminated()</log4j:message><log4j:properties><log4j:data name="log4japp" value="UpdateDomain" /><log4j:data name="log4net:UserName" value="NT AUTHORITY\SYSTEM" /><log4j:data name="log4jmachinename" value="IC-MEL-WNP-05" /><log4j:data name="log4net:HostName" value="IC-MEL-WNP-05" /></log4j:properties><log4j:throwable>NetMQ.TerminatingException: CheckContextTerminated - yes, is terminated.
   at NetMQ.Core.SocketBase.CheckContextTerminated()</log4j:throwable><log4j:locationInfo class="Updater.GlobalErrorHandler" method="HandleException" file="" line="0" /></log4j:event>
<log4j:event logger="Updater.GlobalErrorHandler" timestamp="1716352597269" level="ERROR" thread="reaper-1"><log4j:message>NetMQ.TerminatingException: CheckContextTerminated - yes, is terminated.
   at NetMQ.Core.SocketBase.CheckContextTerminated()</log4j:message><log4j:properties><log4j:data name="log4japp" value="UpdateDomain" /><log4j:data name="log4net:UserName" value="NT AUTHORITY\SYSTEM" /><log4j:data name="log4jmachinename" value="IC-MEL-WNP-05" /><log4j:data name="log4net:HostName" value="IC-MEL-WNP-05" /></log4j:properties><log4j:throwable>NetMQ.TerminatingException: CheckContextTerminated - yes, is terminated.
   at NetMQ.Core.SocketBase.CheckContextTerminated()</log4j:throwable><log4j:locationInfo class="Updater.GlobalErrorHandler" method="HandleException" file="" line="0" /></log4j:event>
<log4j:event logger="Updater.GlobalErrorHandler" timestamp="1716352597271" level="ERROR" thread="reaper-1"><log4j:message>NetMQ.TerminatingException: CheckContextTerminated - yes, is terminated.
   at NetMQ.Core.SocketBase.CheckContextTerminated()</log4j:message><log4j:properties><log4j:data name="log4japp" value="UpdateDomain" /><log4j:data name="log4net:UserName" value="NT AUTHORITY\SYSTEM" /><log4j:data name="log4jmachinename" value="IC-MEL-WNP-05" /><log4j:data name="log4net:HostName" value="IC-MEL-WNP-05" /></log4j:properties><log4j:throwable>NetMQ.TerminatingException: CheckContextTerminated - yes, is terminated.
   at NetMQ.Core.SocketBase.CheckContextTerminated()</log4j:throwable><log4j:locationInfo class="Updater.GlobalErrorHandler" method="HandleException" file="" line="0" /></log4j:event>
<log4j:event logger="Updater.GlobalErrorHandler" timestamp="1716352597272" level="ERROR" thread="reaper-1"><log4j:message>NetMQ.TerminatingException: CheckContextTerminated - yes, is terminated.
   at NetMQ.Core.SocketBase.CheckContextTerminated()</log4j:message><log4j:properties><log4j:data name="log4japp" value="UpdateDomain" /><log4j:data name="log4net:UserName" value="NT AUTHORITY\SYSTEM" /><log4j:data name="log4jmachinename" value="IC-MEL-WNP-05" /><log4j:data name="log4net:HostName" value="IC-MEL-WNP-05" /></log4j:properties><log4j:throwable>NetMQ.TerminatingException: CheckContextTerminated - yes, is terminated.
   at NetMQ.Core.SocketBase.CheckContextTerminated()</log4j:throwable><log4j:locationInfo class="Updater.GlobalErrorHandler" method="HandleException" file="" line="0" /></log4j:event>
<log4j:event logger="Updater.GlobalErrorHandler" timestamp="1716352597272" level="ERROR" thread="reaper-1"><log4j:message>NetMQ.TerminatingException: CheckContextTerminated - yes, is terminated.
   at NetMQ.Core.SocketBase.CheckContextTerminated()</log4j:message><log4j:properties><log4j:data name="log4japp" value="UpdateDomain" /><log4j:data name="log4net:UserName" value="NT AUTHORITY\SYSTEM" /><log4j:data name="log4jmachinename" value="IC-MEL-WNP-05" /><log4j:data name="log4net:HostName" value="IC-MEL-WNP-05" /></log4j:properties><log4j:throwable>NetMQ.TerminatingException: CheckContextTerminated - yes, is terminated.
   at NetMQ.Core.SocketBase.CheckContextTerminated()</log4j:throwable><log4j:locationInfo class="Updater.GlobalErrorHandler" method="HandleException" file="" line="0" /></log4j:event>
<log4j:event logger="Updater.GlobalErrorHandler" timestamp="1716352597273" level="ERROR" thread="reaper-1"><log4j:message>NetMQ.TerminatingException: CheckContextTerminated - yes, is terminated.
   at NetMQ.Core.SocketBase.CheckContextTerminated()</log4j:message><log4j:properties><log4j:data name="log4japp" value="UpdateDomain" /><log4j:data name="log4net:UserName" value="NT AUTHORITY\SYSTEM" /><log4j:data name="log4jmachinename" value="IC-MEL-WNP-05" /><log4j:data name="log4net:HostName" value="IC-MEL-WNP-05" /></log4j:properties><log4j:throwable>NetMQ.TerminatingException: CheckContextTerminated - yes, is terminated.
   at NetMQ.Core.SocketBase.CheckContextTerminated()</log4j:throwable><log4j:locationInfo class="Updater.GlobalErrorHandler" method="HandleException" file="" line="0" /></log4j:event>
<log4j:event logger="Updater.GlobalErrorHandler" timestamp="1716352597274" level="ERROR" thread="reaper-1"><log4j:message>NetMQ.TerminatingException: CheckContextTerminated - yes, is terminated.
   at NetMQ.Core.SocketBase.CheckContextTerminated()</log4j:message><log4j:properties><log4j:data name="log4japp" value="UpdateDomain" /><log4j:data name="log4net:UserName" value="NT AUTHORITY\SYSTEM" /><log4j:data name="log4jmachinename" value="IC-MEL-WNP-05" /><log4j:data name="log4net:HostName" value="IC-MEL-WNP-05" /></log4j:properties><log4j:throwable>NetMQ.TerminatingException: CheckContextTerminated - yes, is terminated.
   at NetMQ.Core.SocketBase.CheckContextTerminated()</log4j:throwable><log4j:locationInfo class="Updater.GlobalErrorHandler" method="HandleException" file="" line="0" /></log4j:event>
<log4j:event logger="Updater.GlobalErrorHandler" timestamp="1716352597275" level="ERROR" thread="reaper-1"><log4j:message>NetMQ.TerminatingException: CheckContextTerminated - yes, is terminated.
   at NetMQ.Core.SocketBase.CheckContextTerminated()</log4j:message><log4j:properties><log4j:data name="log4japp" value="UpdateDomain" /><log4j:data name="log4net:UserName" value="NT AUTHORITY\SYSTEM" /><log4j:data name="log4jmachinename" value="IC-MEL-WNP-05" /><log4j:data name="log4net:HostName" value="IC-MEL-WNP-05" /></log4j:properties><log4j:throwable>NetMQ.TerminatingException: CheckContextTerminated - yes, is terminated.
   at NetMQ.Core.SocketBase.CheckContextTerminated()</log4j:throwable><log4j:locationInfo class="Updater.GlobalErrorHandler" method="HandleException" file="" line="0" /></log4j:event>
<log4j:event logger="Updater.GlobalErrorHandler" timestamp="1716352597275" level="ERROR" thread="reaper-1"><log4j:message>NetMQ.TerminatingException: CheckContextTerminated - yes, is terminated.
   at NetMQ.Core.SocketBase.CheckContextTerminated()</log4j:message><log4j:properties><log4j:data name="log4japp" value="UpdateDomain" /><log4j:data name="log4net:UserName" value="NT AUTHORITY\SYSTEM" /><log4j:data name="log4jmachinename" value="IC-MEL-WNP-05" /><log4j:data name="log4net:HostName" value="IC-MEL-WNP-05" /></log4j:properties><log4j:throwable>NetMQ.TerminatingException: CheckContextTerminated - yes, is terminated.
   at NetMQ.Core.SocketBase.CheckContextTerminated()</log4j:throwable><log4j:locationInfo class="Updater.GlobalErrorHandler" method="HandleException" file="" line="0" /></log4j:event>
<log4j:event logger="Updater.GlobalErrorHandler" timestamp="1716352597276" level="ERROR" thread="reaper-1"><log4j:message>NetMQ.TerminatingException: CheckContextTerminated - yes, is terminated.
   at NetMQ.Core.SocketBase.CheckContextTerminated()</log4j:message><log4j:properties><log4j:data name="log4japp" value="UpdateDomain" /><log4j:data name="log4net:UserName" value="NT AUTHORITY\SYSTEM" /><log4j:data name="log4jmachinename" value="IC-MEL-WNP-05" /><log4j:data name="log4net:HostName" value="IC-MEL-WNP-05" /></log4j:properties><log4j:throwable>NetMQ.TerminatingException: CheckContextTerminated - yes, is terminated.
   at NetMQ.Core.SocketBase.CheckContextTerminated()</log4j:throwable><log4j:locationInfo class="Updater.GlobalErrorHandler" method="HandleException" file="" line="0" /></log4j:event>
<log4j:event logger="Updater.GlobalErrorHandler" timestamp="1716352597277" level="ERROR" thread="reaper-1"><log4j:message>NetMQ.TerminatingException: CheckContextTerminated - yes, is terminated.
   at NetMQ.Core.SocketBase.CheckContextTerminated()</log4j:message><log4j:properties><log4j:data name="log4japp" value="UpdateDomain" /><log4j:data name="log4net:UserName" value="NT AUTHORITY\SYSTEM" /><log4j:data name="log4jmachinename" value="IC-MEL-WNP-05" /><log4j:data name="log4net:HostName" value="IC-MEL-WNP-05" /></log4j:properties><log4j:throwable>NetMQ.TerminatingException: CheckContextTerminated - yes, is terminated.
   at NetMQ.Core.SocketBase.CheckContextTerminated()</log4j:throwable><log4j:locationInfo class="Updater.GlobalErrorHandler" method="HandleException" file="" line="0" /></log4j:event>
<log4j:event logger="Updater.GlobalErrorHandler" timestamp="1716352597277" level="ERROR" thread="reaper-1"><log4j:message>NetMQ.TerminatingException: CheckContextTerminated - yes, is terminated.
   at NetMQ.Core.SocketBase.CheckContextTerminated()</log4j:message><log4j:properties><log4j:data name="log4japp" value="UpdateDomain" /><log4j:data name="log4net:UserName" value="NT AUTHORITY\SYSTEM" /><log4j:data name="log4jmachinename" value="IC-MEL-WNP-05" /><log4j:data name="log4net:HostName" value="IC-MEL-WNP-05" /></log4j:properties><log4j:throwable>NetMQ.TerminatingException: CheckContextTerminated - yes, is terminated.
   at NetMQ.Core.SocketBase.CheckContextTerminated()</log4j:throwable><log4j:locationInfo class="Updater.GlobalErrorHandler" method="HandleException" file="" line="0" /></log4j:event>
<log4j:event logger="Updater.GlobalErrorHandler" timestamp="1716352597278" level="ERROR" thread="reaper-1"><log4j:message>NetMQ.TerminatingException: CheckContextTerminated - yes, is terminated.
   at NetMQ.Core.SocketBase.CheckContextTerminated()</log4j:message><log4j:properties><log4j:data name="log4japp" value="UpdateDomain" /><log4j:data name="log4net:UserName" value="NT AUTHORITY\SYSTEM" /><log4j:data name="log4jmachinename" value="IC-MEL-WNP-05" /><log4j:data name="log4net:HostName" value="IC-MEL-WNP-05" /></log4j:properties><log4j:throwable>NetMQ.TerminatingException: CheckContextTerminated - yes, is terminated.
   at NetMQ.Core.SocketBase.CheckContextTerminated()</log4j:throwable><log4j:locationInfo class="Updater.GlobalErrorHandler" method="HandleException" file="" line="0" /></log4j:event>
<log4j:event logger="Updater.GlobalErrorHandler" timestamp="1716352597281" level="ERROR" thread="reaper-1"><log4j:message>NetMQ.TerminatingException: CheckContextTerminated - yes, is terminated.
   at NetMQ.Core.SocketBase.CheckContextTerminated()</log4j:message><log4j:properties><log4j:data name="log4japp" value="UpdateDomain" /><log4j:data name="log4net:UserName" value="NT AUTHORITY\SYSTEM" /><log4j:data name="log4jmachinename" value="IC-MEL-WNP-05" /><log4j:data name="log4net:HostName" value="IC-MEL-WNP-05" /></log4j:properties><log4j:throwable>NetMQ.TerminatingException: CheckContextTerminated - yes, is terminated.
   at NetMQ.Core.SocketBase.CheckContextTerminated()</log4j:throwable><log4j:locationInfo class="Updater.GlobalErrorHandler" method="HandleException" file="" line="0" /></log4j:event>
<log4j:event logger="Updater.GlobalErrorHandler" timestamp="1716352597282" level="ERROR" thread="reaper-1"><log4j:message>NetMQ.TerminatingException: CheckContextTerminated - yes, is terminated.
   at NetMQ.Core.SocketBase.CheckContextTerminated()</log4j:message><log4j:properties><log4j:data name="log4japp" value="UpdateDomain" /><log4j:data name="log4net:UserName" value="NT AUTHORITY\SYSTEM" /><log4j:data name="log4jmachinename" value="IC-MEL-WNP-05" /><log4j:data name="log4net:HostName" value="IC-MEL-WNP-05" /></log4j:properties><log4j:throwable>NetMQ.TerminatingException: CheckContextTerminated - yes, is terminated.
   at NetMQ.Core.SocketBase.CheckContextTerminated()</log4j:throwable><log4j:locationInfo class="Updater.GlobalErrorHandler" method="HandleException" file="" line="0" /></log4j:event>
<log4j:event logger="Updater.GlobalErrorHandler" timestamp="1716352597284" level="ERROR" thread="reaper-1"><log4j:message>NetMQ.TerminatingException: CheckContextTerminated - yes, is terminated.
   at NetMQ.Core.SocketBase.CheckContextTerminated()</log4j:message><log4j:properties><log4j:data name="log4japp" value="UpdateDomain" /><log4j:data name="log4net:UserName" value="NT AUTHORITY\SYSTEM" /><log4j:data name="log4jmachinename" value="IC-MEL-WNP-05" /><log4j:data name="log4net:HostName" value="IC-MEL-WNP-05" /></log4j:properties><log4j:throwable>NetMQ.TerminatingException: CheckContextTerminated - yes, is terminated.
   at NetMQ.Core.SocketBase.CheckContextTerminated()</log4j:throwable><log4j:locationInfo class="Updater.GlobalErrorHandler" method="HandleException" file="" line="0" /></log4j:event>
<log4j:event logger="Updater.GlobalErrorHandler" timestamp="1716352597284" level="ERROR" thread="reaper-1"><log4j:message>NetMQ.TerminatingException: CheckContextTerminated - yes, is terminated.
   at NetMQ.Core.SocketBase.CheckContextTerminated()</log4j:message><log4j:properties><log4j:data name="log4japp" value="UpdateDomain" /><log4j:data name="log4net:UserName" value="NT AUTHORITY\SYSTEM" /><log4j:data name="log4jmachinename" value="IC-MEL-WNP-05" /><log4j:data name="log4net:HostName" value="IC-MEL-WNP-05" /></log4j:properties><log4j:throwable>NetMQ.TerminatingException: CheckContextTerminated - yes, is terminated.
   at NetMQ.Core.SocketBase.CheckContextTerminated()</log4j:throwable><log4j:locationInfo class="Updater.GlobalErrorHandler" method="HandleException" file="" line="0" /></log4j:event>
<log4j:event logger="Updater.GlobalErrorHandler" timestamp="1716352597284" level="ERROR" thread="reaper-1"><log4j:message>NetMQ.TerminatingException: CheckContextTerminated - yes, is terminated.
   at NetMQ.Core.SocketBase.CheckContextTerminated()</log4j:message><log4j:properties><log4j:data name="log4japp" value="UpdateDomain" /><log4j:data name="log4net:UserName" value="NT AUTHORITY\SYSTEM" /><log4j:data name="log4jmachinename" value="IC-MEL-WNP-05" /><log4j:data name="log4net:HostName" value="IC-MEL-WNP-05" /></log4j:properties><log4j:throwable>NetMQ.TerminatingException: CheckContextTerminated - yes, is terminated.
   at NetMQ.Core.SocketBase.CheckContextTerminated()</log4j:throwable><log4j:locationInfo class="Updater.GlobalErrorHandler" method="HandleException" file="" line="0" /></log4j:event>
<log4j:event logger="Updater.GlobalErrorHandler" timestamp="1716352597284" level="ERROR" thread="reaper-1"><log4j:message>NetMQ.TerminatingException: CheckContextTerminated - yes, is terminated.
   at NetMQ.Core.SocketBase.CheckContextTerminated()</log4j:message><log4j:properties><log4j:data name="log4japp" value="UpdateDomain" /><log4j:data name="log4net:UserName" value="NT AUTHORITY\SYSTEM" /><log4j:data name="log4jmachinename" value="IC-MEL-WNP-05" /><log4j:data name="log4net:HostName" value="IC-MEL-WNP-05" /></log4j:properties><log4j:throwable>NetMQ.TerminatingException: CheckContextTerminated - yes, is terminated.
   at NetMQ.Core.SocketBase.CheckContextTerminated()</log4j:throwable><log4j:locationInfo class="Updater.GlobalErrorHandler" method="HandleException" file="" line="0" /></log4j:event>
<log4j:event logger="Updater.GlobalErrorHandler" timestamp="1716352597284" level="ERROR" thread="reaper-1"><log4j:message>NetMQ.TerminatingException: CheckContextTerminated - yes, is terminated.
   at NetMQ.Core.SocketBase.CheckContextTerminated()</log4j:message><log4j:properties><log4j:data name="log4japp" value="UpdateDomain" /><log4j:data name="log4net:UserName" value="NT AUTHORITY\SYSTEM" /><log4j:data name="log4jmachinename" value="IC-MEL-WNP-05" /><log4j:data name="log4net:HostName" value="IC-MEL-WNP-05" /></log4j:properties><log4j:throwable>NetMQ.TerminatingException: CheckContextTerminated - yes, is terminated.
   at NetMQ.Core.SocketBase.CheckContextTerminated()</log4j:throwable><log4j:locationInfo class="Updater.GlobalErrorHandler" method="HandleException" file="" line="0" /></log4j:event>
<log4j:event logger="Updater.GlobalErrorHandler" timestamp="1716352597284" level="ERROR" thread="reaper-1"><log4j:message>NetMQ.TerminatingException: CheckContextTerminated - yes, is terminated.
   at NetMQ.Core.SocketBase.CheckContextTerminated()</log4j:message><log4j:properties><log4j:data name="log4japp" value="UpdateDomain" /><log4j:data name="log4net:UserName" value="NT AUTHORITY\SYSTEM" /><log4j:data name="log4jmachinename" value="IC-MEL-WNP-05" /><log4j:data name="log4net:HostName" value="IC-MEL-WNP-05" /></log4j:properties><log4j:throwable>NetMQ.TerminatingException: CheckContextTerminated - yes, is terminated.
   at NetMQ.Core.SocketBase.CheckContextTerminated()</log4j:throwable><log4j:locationInfo class="Updater.GlobalErrorHandler" method="HandleException" file="" line="0" /></log4j:event>
<log4j:event logger="Updater.GlobalErrorHandler" timestamp="1716352597284" level="ERROR" thread="reaper-1"><log4j:message>NetMQ.TerminatingException: CheckContextTerminated - yes, is terminated.
   at NetMQ.Core.SocketBase.CheckContextTerminated()</log4j:message><log4j:properties><log4j:data name="log4japp" value="UpdateDomain" /><log4j:data name="log4net:UserName" value="NT AUTHORITY\SYSTEM" /><log4j:data name="log4jmachinename" value="IC-MEL-WNP-05" /><log4j:data name="log4net:HostName" value="IC-MEL-WNP-05" /></log4j:properties><log4j:throwable>NetMQ.TerminatingException: CheckContextTerminated - yes, is terminated.
   at NetMQ.Core.SocketBase.CheckContextTerminated()</log4j:throwable><log4j:locationInfo class="Updater.GlobalErrorHandler" method="HandleException" file="" line="0" /></log4j:event>
<log4j:event logger="Updater.GlobalErrorHandler" timestamp="1716352597284" level="ERROR" thread="reaper-1"><log4j:message>NetMQ.TerminatingException: CheckContextTerminated - yes, is terminated.
   at NetMQ.Core.SocketBase.CheckContextTerminated()</log4j:message><log4j:properties><log4j:data name="log4japp" value="UpdateDomain" /><log4j:data name="log4net:UserName" value="NT AUTHORITY\SYSTEM" /><log4j:data name="log4jmachinename" value="IC-MEL-WNP-05" /><log4j:data name="log4net:HostName" value="IC-MEL-WNP-05" /></log4j:properties><log4j:throwable>NetMQ.TerminatingException: CheckContextTerminated - yes, is terminated.
   at NetMQ.Core.SocketBase.CheckContextTerminated()</log4j:throwable><log4j:locationInfo class="Updater.GlobalErrorHandler" method="HandleException" file="" line="0" /></log4j:event>
<log4j:event logger="ItOps.Deployment.Smokeball.Updater.Host.UpdateServiceHost" timestamp="1716352597284" level="INFO" thread="17"><log4j:message>App domain with ApplicationBase = C:\Program Files\Smokeball\Updater will be unloaded.</log4j:message><log4j:properties><log4j:data name="log4japp" value="Smokeball.SilentInstaller.Host.exe" /><log4j:data name="log4net:UserName" value="NT AUTHORITY\SYSTEM" /><log4j:data name="log4jmachinename" value="IC-MEL-WNP-05" /><log4j:data name="log4net:HostName" value="IC-MEL-WNP-05" /></log4j:properties><log4j:locationInfo class="ItOps.Deployment.Smokeball.Updater.Host.UpdateServiceHost" method="UnloadAppDomain" file="" line="0" /></log4j:event>
